Field#,Object#,MEAN_RED.1,MEAN_GREEN.1,MEAN_OF_RATIOS_RG.1
1,1,211.171622,204.716397,1.031796
 ,2,213.885048,205.077572,1.043223
 ,3,219.97201,206.667939,1.06461
 ,4,216.241667,206.4,1.047932
 ,5,216.087179,206.461538,1.04691
 ,6,222.97973,207.5,1.074873
 ,7,220.196581,207.068376,1.063722
 ,8,219.967742,206.596774,1.064963
 ,9,219.807692,207.384615,1.060062
 ,10,213.16,205.226667,1.038906
 ,11,212.065022,205.381166,1.032766
2,1,211.331421,204.798818,1.032156
 ,2,213.991158,205.126608,1.043488
 ,3,220.324427,206.712468,1.066091
 ,4,217.283333,206.116667,1.054411
 ,5,216.851282,206.574359,1.050055
 ,6,223.006757,207.594595,1.074514
 ,7,221.504274,207.846154,1.066018
 ,8,220.548387,207.209677,1.06462
 ,9,220.769231,206.961538,1.066861
 ,10,213.666667,205.08,1.04213
 ,11,212.881166,204.934978,1.039021
3,1,211.431577,204.894627,1.032172
 ,2,213.759646,205.209405,1.04192
 ,3,220.442748,206.693384,1.066752
 ,4,216.508333,205.783333,1.052329
 ,5,216.605128,207.333333,1.045051
 ,6,223.364865,207.463964,1.076902
 ,7,220.854701,207.91453,1.062494
 ,8,219.935484,206.306452,1.066375
 ,9,219.538462,208.230769,1.054757
 ,10,214.493333,206.546667,1.038706
 ,11,212.275785,204.872197,1.03636
4,1,211.442879,204.702487,1.033192
 ,2,213.985129,205.297428,1.042577
 ,3,220.311705,207.019084,1.064461
 ,4,215.625,206.55,1.044198
 ,5,216.338462,206.784615,1.046556
 ,6,222.763514,207.578829,1.07341
 ,7,220.461538,208.17094,1.059305
 ,8,219.935484,207.032258,1.062604
 ,9,220.769231,207.192308,1.065766
 ,10,213.2,205.92,1.035634
 ,11,212.311659,205.080717,1.035512
5,1,211.396801,204.653104,1.033221
 ,2,214.142685,205.293006,1.043371
 ,3,220.543257,206.852417,1.066458
 ,4,217.016667,206.191667,1.052835
 ,5,216.810256,206.758974,1.048915
 ,6,222.234234,207.405405,1.071754
 ,7,220.512821,206.495726,1.068095
 ,8,219.217742,207.330645,1.057627
 ,9,219.269231,207.423077,1.057393
 ,10,213.44,206.026667,1.036231
 ,11,212.639013,205.05157,1.037262
6,1,211.472787,204.902278,1.032333
 ,2,213.669212,205.198151,1.041547
 ,3,220.534351,207.326972,1.063945
 ,4,216.466667,206.016667,1.051046
 ,5,216.666667,206.635897,1.048835
 ,6,222.472973,207.673423,1.071518
 ,7,220.632479,207.615385,1.062959
 ,8,219.612903,207.370968,1.059277
 ,9,221.230769,207.653846,1.066059
 ,10,214.306667,206.013333,1.040572
 ,11,212.961883,205.172646,1.038233
7,1,211.1478,204.700226,1.031767
 ,2,213.952572,205.306672,1.042382
 ,3,220.178117,207.136132,1.063197
 ,4,216.983333,206.358333,1.051775
 ,5,217.051282,207.487179,1.046348
 ,6,222.146396,207.367117,1.071575
 ,7,219.641026,207.401709,1.059339
 ,8,220.16129,206.91129,1.064383
 ,9,220.038462,206.923077,1.063549
 ,10,213.306667,205.373333,1.038975
 ,11,212.726457,204.966368,1.038114
8,1,211.561468,204.778995,1.033377
 ,2,213.843248,205.155547,1.042634
 ,3,220.293893,206.882952,1.06506
 ,4,216.725,206.391667,1.050382
 ,5,216.8,207.158974,1.046801
 ,6,222.13964,207.288288,1.071956
 ,7,220.803419,207.418803,1.064873
 ,8,219.435484,206.967742,1.060478
 ,9,220.923077,207.653846,1.064392
 ,10,213.226667,205.28,1.03897
 ,11,212.11435,205.403587,1.032985
9,1,211.132325,204.638672,1.031994
 ,2,214.139469,205.174437,1.043947
 ,3,220.090331,207.049618,1.063238
 ,4,217.041667,205.908333,1.054319
 ,5,217.25641,207.307692,1.048216
 ,6,222.641892,207.459459,1.073432
 ,7,220.777778,207.358974,1.064974
 ,8,220.032258,207.387097,1.061279
 ,9,221.230769,206.153846,1.073271
 ,10,213.693333,205.986667,1.037607
 ,11,212.374439,205.410314,1.034155
10,1,211.375935,204.917232,1.031782
 ,2,214.017283,204.994373,1.044269
 ,3,219.961832,206.941476,1.063169
 ,4,216.166667,206.175,1.048697
 ,5,216.394872,207.153846,1.044874
 ,6,222.114865,207.130631,1.072646
 ,7,220.324786,207.145299,1.063944
 ,8,219.387097,206.604839,1.062251
 ,9,220.115385,205.615385,1.070794
 ,10,213.56,205.346667,1.040204
 ,11,212.94843,205.087444,1.03862
11,1,211.343245,204.836898,1.032026
 ,2,213.7709,205.16881,1.042206
 ,3,220.101781,206.610687,1.065547
 ,4,216.566667,206.008333,1.051537
 ,5,216.4,206.728205,1.047087
 ,6,222.234234,207.432432,1.071612
 ,7,220.358974,207.34188,1.063036
 ,8,219.104839,206.870968,1.059355
 ,9,218.576923,207.230769,1.055021
 ,10,213.626667,205.973333,1.037427
 ,11,212.430493,205.141256,1.035797
12,1,211.081029,204.736046,1.031245
 ,2,213.642685,205.230305,1.041262
 ,3,219.910941,206.715013,1.064077
 ,4,215.683333,205.908333,1.047787
 ,5,216.384615,206.953846,1.045863
 ,6,222.114865,207.175676,1.072361
 ,7,220.247863,207.136752,1.063634
 ,8,219.403226,207.024194,1.060129
 ,9,220.461538,207.653846,1.062021
 ,10,214.146667,205.226667,1.04372
 ,11,212.09417,205.013453,1.034799
13,1,211.199617,204.834811,1.03133
 ,2,213.826768,205.085209,1.042874
 ,3,220.12341,206.815522,1.064589
 ,4,216.65,206.741667,1.048181
 ,5,216.54359,206.825641,1.047278
 ,6,221.777027,207.362613,1.069719
 ,7,220.384615,207.470085,1.062584
 ,8,219.814516,206.774194,1.063358
 ,9,221.346154,207.230769,1.068279
 ,10,212.68,205.266667,1.03649
 ,11,212.639013,204.865471,1.0382
14,1,211.069031,204.915493,1.03029
 ,2,213.823955,205.295418,1.041816
 ,3,219.743003,206.848601,1.062585
 ,4,217.058333,206.858333,1.04952
 ,5,216.733333,207.087179,1.046887
 ,6,221.790541,207.774775,1.067742
 ,7,220.196581,206.683761,1.065737
 ,8,219.33871,206.427419,1.062878
 ,9,218,208.269231,1.046949
 ,10,213.773333,205.413333,1.041057
 ,11,212.022422,205.154709,1.033731
15,1,211.249348,204.574161,1.032899
 ,2,213.950965,205.299437,1.042431
 ,3,219.76972,207.044529,1.061713
 ,4,215.641667,206.625,1.043949
 ,5,217.194872,206.764103,1.050739
 ,6,221.921171,207.605856,1.069209
 ,7,219.478632,206.675214,1.062247
 ,8,218.951613,206.733871,1.059281
 ,9,218.461538,208.692308,1.04715
 ,10,213.32,205.306667,1.039291
 ,11,212.183857,205.755605,1.031485
16,1,211.175274,204.650322,1.03214
 ,2,214.0209,205.141881,1.043556
 ,3,219.812977,207.006361,1.062109
 ,4,216.65,205.783333,1.053099
 ,5,216.323077,207.010256,1.045265
 ,6,221.587838,207.112613,1.070191
 ,7,219.820513,207.316239,1.060655
 ,8,219.903226,206.16129,1.06698
 ,9,220.384615,207.230769,1.064041
 ,10,212.826667,205.306667,1.036864
 ,11,212.607623,205.096413,1.036874
17,1,211.294905,204.75413,1.032207
 ,2,213.809887,205.135048,1.042561
 ,3,220.253181,206.80916,1.065252
 ,4,216.833333,206.516667,1.050172
 ,5,216.912821,206.825641,1.049027
 ,6,221.292793,207.304054,1.067815
 ,7,220.068376,207.521368,1.060815
 ,8,219.217742,206.967742,1.059508
 ,9,220.307692,207.730769,1.060758
 ,10,213.84,205,1.043345
 ,11,212.004484,204.695067,1.03597
18,1,211.147626,204.662146,1.031963
 ,2,213.817926,205.230707,1.0421
 ,3,219.912214,206.664122,1.064366
 ,4,216.841667,205.65,1.054689
 ,5,217.123077,207.441026,1.047045
 ,6,221.13964,207.355856,1.066757
 ,7,220.162393,207.470085,1.061503
 ,8,219.467742,206.419355,1.063523
 ,9,220.423077,207.615385,1.06204
 ,10,212.52,204.933333,1.037315
 ,11,212.049327,205.100897,1.034191
19,1,211.366545,204.781429,1.032413
 ,2,213.707797,205.317122,1.041148
 ,3,219.949109,206.723919,1.064215
 ,4,217.008333,205.666667,1.055407
 ,5,216.871795,207.097436,1.047456
 ,6,221.286036,207.475225,1.066853
 ,7,220.08547,206.940171,1.063827
 ,8,219.596774,206.379032,1.064298
 ,9,220.192308,208.230769,1.057839
 ,10,212.96,205.293333,1.037607
 ,11,212.103139,205.394619,1.032924
20,1,211.170057,204.741089,1.031669
 ,2,213.997588,205.279341,1.042726
 ,3,220.077608,206.721374,1.064868
 ,4,216.35,206.7,1.046933
 ,5,216.45641,206.54359,1.048242
 ,6,221.783784,207,1.071697
 ,7,219.632479,206.846154,1.06213
 ,8,219.403226,206.16129,1.064561
 ,9,220.961538,206.115385,1.072557
 ,10,212.76,204.8,1.039131
 ,11,213.011211,205.278027,1.03794
21,1,211.383238,204.591028,1.033454
 ,2,213.96463,205.164791,1.043161
 ,3,220.03944,206.863868,1.063917
 ,4,216.183333,206.925,1.044932
 ,5,216.758974,206.979487,1.04752
 ,6,221.349099,207.245495,1.068318
 ,7,219.965812,207.119658,1.062295
 ,8,219.596774,207.16129,1.060289
 ,9,219.038462,208,1.053194
 ,10,212.346667,206.066667,1.030738
 ,11,212.403587,204.908072,1.036856
22,1,211.410885,204.784038,1.03262
 ,2,214.018891,205.460209,1.04192
 ,3,219.636132,206.916031,1.061758
 ,4,216.241667,205.658333,1.051781
 ,5,216.158974,206.389744,1.047596
 ,6,220.853604,207.256757,1.065909
 ,7,219.82906,207.08547,1.061764
 ,8,219.862903,206.024194,1.067556
 ,9,219.384615,208.346154,1.053368
 ,10,213.266667,205.693333,1.037089
 ,11,212.421525,204.838565,1.037274
23,1,211.449487,204.836202,1.032545
 ,2,213.88746,205.172026,1.042753
 ,3,219.608142,206.566158,1.063387
 ,4,217.125,205.275,1.058006
 ,5,216.615385,207.169231,1.045897
 ,6,221.085586,206.817568,1.069241
 ,7,220.025641,206.777778,1.064414
 ,8,220.040323,206.459677,1.066105
 ,9,220.615385,208.692308,1.057278
 ,10,214,205.973333,1.039335
 ,11,212.244395,205.352018,1.033874
24,1,211.23735,204.817771,1.031593
 ,2,213.840434,205.146302,1.042656
 ,3,219.993639,206.959288,1.063222
 ,4,217.041667,206.633333,1.050646
 ,5,216.769231,206.635897,1.049283
 ,6,221.166667,207.092342,1.068284
 ,7,220.384615,207.042735,1.064737
 ,8,219.241935,206.556452,1.061674
 ,9,221.153846,207.192308,1.067618
 ,10,214.026667,206,1.039183
 ,11,212.073991,205.058296,1.034497
25,1,211.349157,204.757781,1.032457
 ,2,213.686495,205.207395,1.041581
 ,3,219.871501,206.820611,1.06335
 ,4,216.925,205.5,1.055887
 ,5,216.758974,206.866667,1.048118
 ,6,221.128378,207.43018,1.066317
 ,7,219.358974,206.666667,1.061713
 ,8,219.685484,206.677419,1.063255
 ,9,221.538462,208.307692,1.063719
 ,10,213.906667,204.933333,1.044001
 ,11,212.318386,204.959641,1.036179
26,1,211.372805,204.757086,1.032564
 ,2,214.111736,205.214228,1.043633
 ,3,219.776081,206.536896,1.064329
 ,4,216.641667,206.325,1.050283
 ,5,216.938462,206.866667,1.049006
 ,6,220.936937,207.06982,1.067259
 ,7,220.042735,206.786325,1.064395
 ,8,218.774194,206.967742,1.057286
 ,9,219.692308,208.153846,1.055749
 ,10,213.413333,205.746667,1.037506
 ,11,212.432735,205.071749,1.036197
27,1,211.334724,204.745436,1.032443
 ,2,214.074357,205.194132,1.04355
 ,3,219.379135,206.721374,1.061528
 ,4,216.916667,206.041667,1.053019
 ,5,216.635897,206.425641,1.049773
 ,6,220.921171,207.231982,1.066367
 ,7,219.820513,207.521368,1.05962
 ,8,219.959677,206.548387,1.065236
 ,9,218.730769,207.961538,1.052207
 ,10,213.32,204.946667,1.041206
 ,11,212.304933,205.161435,1.035087
28,1,211.188837,204.570683,1.032614
 ,2,213.874598,205.176849,1.04267
 ,3,219.687023,206.844784,1.062372
 ,4,216.15,206.141667,1.048819
 ,5,216.102564,206.851282,1.045003
 ,6,220.358108,206.72973,1.066206
 ,7,220.102564,207.153846,1.062737
 ,8,218.830645,206.16129,1.061728
 ,9,219.692308,207,1.061581
 ,10,212.733333,205.226667,1.036813
 ,11,212.123318,204.764574,1.036195
29,1,211.303078,204.820031,1.031927
 ,2,213.833601,205.313907,1.041775
 ,3,219.535623,207.012723,1.060723
 ,4,217.05,205.9,1.054448
 ,5,216.779487,206.579487,1.049657
 ,6,220.529279,207.173423,1.064775
 ,7,219.230769,207.025641,1.05928
 ,8,219.362903,206.709677,1.061473
 ,9,218.730769,207.307692,1.05567
 ,10,213.386667,205.253333,1.039856
 ,11,211.932735,205.246637,1.032808
30,1,211.341332,204.749087,1.032487
 ,2,213.927653,205.116158,1.043226
 ,3,219.384224,206.811705,1.061024
 ,4,216.316667,205.841667,1.051198
 ,5,216.702564,206.851282,1.0479
 ,6,220.391892,206.88964,1.065536
 ,7,219.623932,207.401709,1.059198
 ,8,219.104839,206.41129,1.061915
 ,9,219.846154,206.461538,1.065043
 ,10,213.626667,205.466667,1.039888
 ,11,212.235426,205.038117,1.035344
31,1,211.268823,204.986611,1.030924
 ,2,213.965836,205.375804,1.042086
 ,3,219.552163,206.835878,1.061733
 ,4,217.366667,206.466667,1.052982
 ,5,216.271795,206.887179,1.045529
 ,6,220.851351,207.25,1.065861
 ,7,220.128205,207.059829,1.063426
 ,8,218.887097,206.572581,1.059949
 ,9,219.192308,207.807692,1.054977
 ,10,213.573333,204.986667,1.042085
 ,11,212.408072,205.204036,1.035392
32,1,211.293166,204.794123,1.03202
 ,2,213.72709,205.245579,1.041605
 ,3,219.57888,206.669211,1.062764
 ,4,216.733333,206.491667,1.049879
 ,5,216.635897,207.107692,1.046272
 ,6,220.536036,207.108108,1.065175
 ,7,219.623932,207.196581,1.060318
 ,8,219.024194,206.846774,1.059142
 ,9,219.730769,206.269231,1.06543
 ,10,213.626667,206.053333,1.0369
 ,11,212.076233,204.695067,1.036322
33,1,211.437663,204.73222,1.033023
 ,2,213.755225,205.126608,1.042338
 ,3,219.470738,206.486005,1.063108
 ,4,216.2,205.8,1.050804
 ,5,216.923077,206.784615,1.049303
 ,6,220.15991,207.283784,1.062375
 ,7,219.025641,207.153846,1.057532
 ,8,217.83871,206.983871,1.052694
 ,9,219.884615,206.384615,1.065786
 ,10,213.546667,205.853333,1.037679
 ,11,211.919283,205.269058,1.032703
34,1,211.101026,204.718832,1.03143
 ,2,213.811093,205.169614,1.042395
 ,3,219.721374,206.52799,1.064207
 ,4,215.758333,206.066667,1.047266
 ,5,216.512821,207.041026,1.046072
 ,6,220.52027,207.036036,1.065388
 ,7,219.350427,207.145299,1.05928
 ,8,218.790323,206.346774,1.060611
 ,9,218.961538,207.538462,1.055321
 ,10,214.12,204.653333,1.046481
 ,11,212.042601,204.892377,1.035171
35,1,211.196835,204.715354,1.031935
 ,2,213.775322,205.161576,1.042255
 ,3,219.479644,206.90458,1.061024
 ,4,215.858333,206.658333,1.044786
 ,5,215.94359,206.846154,1.04424
 ,6,220.218468,207.040541,1.063915
 ,7,219.692308,207.623932,1.058428
 ,8,218.532258,206.91129,1.056524
 ,9,220.115385,208.692308,1.054943
 ,10,212.826667,205.146667,1.03774
 ,11,212.199552,205.112108,1.03483
36,1,211.173535,204.624587,1.03227
 ,2,213.725482,205.419212,1.040719
 ,3,219.609415,206.882952,1.061746
 ,4,216.925,206.575,1.050382
 ,5,216.312821,206.661538,1.046981
 ,6,220.322072,207.011261,1.064583
 ,7,219.179487,207.051282,1.058905
 ,8,219.104839,206.645161,1.060571
 ,9,220.230769,208.076923,1.05877
 ,10,212.986667,205.533333,1.036544
 ,11,212.392377,205.143498,1.035584
37,1,211.216658,204.862806,1.031286
 ,2,213.68328,205.301849,1.041096
 ,3,219.445293,206.779898,1.061506
 ,4,216.283333,206.266667,1.048867
 ,5,215.958974,206.948718,1.043852
 ,6,220.135135,207.02027,1.063662
 ,7,219.555556,206.683761,1.062681
 ,8,218.387097,207.330645,1.053588
 ,9,220.961538,207.5,1.065076
 ,10,212.986667,205.84,1.035122
 ,11,212.06278,205.423767,1.032583
38,1,211.034777,204.773431,1.030846
 ,2,213.526929,205.139871,1.041162
 ,3,219.041985,206.689567,1.060025
 ,4,216.033333,206.183333,1.04805
 ,5,216.066667,207.035897,1.043871
 ,6,219.804054,206.765766,1.063317
 ,7,219.641026,206.410256,1.064348
 ,8,219.120968,206.75,1.060077
 ,9,219.230769,207.884615,1.054955
 ,10,212.52,204.586667,1.039022
 ,11,211.769058,205.226457,1.0321
39,1,211.013911,204.862459,1.030296
 ,2,213.71463,205.205386,1.041726
 ,3,219.361323,206.754453,1.061215
 ,4,216.283333,205.958333,1.050408
 ,5,216.087179,206.507692,1.046715
 ,6,220.527027,207.078829,1.065166
 ,7,218.709402,206.564103,1.059024
 ,8,218.41129,206.564516,1.057607
 ,9,219.346154,207.346154,1.058215
 ,10,213.16,205.373333,1.038164
 ,11,211.679372,205.150224,1.03207
40,1,210.990784,204.767693,1.030661
 ,2,213.695338,205.123392,1.042042
 ,3,219.413486,206.97201,1.060402
 ,4,216.866667,205.641667,1.054912
 ,5,216.2,207.241026,1.043487
 ,6,219.490991,207.117117,1.060041
 ,7,219.162393,207.42735,1.056827
 ,8,218.362903,206.137097,1.059648
 ,9,218.576923,208,1.051061
 ,10,213.44,205.653333,1.038157
 ,11,212.589686,205.286996,1.035831
41,1,211.009911,204.752043,1.030823
 ,2,213.401527,205.108923,1.040709
 ,3,219.013995,206.503817,1.060864
 ,4,215.791667,205.775,1.048978
 ,5,215.538462,206.964103,1.041687
 ,6,219.952703,206.657658,1.064597
 ,7,219.606838,207.290598,1.059703
 ,8,218.604839,206.895161,1.056876
 ,9,218.692308,207.538462,1.054118
 ,10,212.653333,206.053333,1.032242
 ,11,212.457399,204.959641,1.036885
42,1,210.935837,204.758998,1.030441
 ,2,213.34365,205.005627,1.040939
 ,3,219.442748,206.712468,1.061865
 ,4,215.975,205.575,1.050854
 ,5,215.938462,206.466667,1.046162
 ,6,219.90991,206.702703,1.06415
 ,7,218.632479,207.282051,1.055029
 ,8,218.306452,206.362903,1.058191
 ,9,220.5,206.923077,1.065735
 ,10,213.373333,204.866667,1.041743
 ,11,211.993274,205.015695,1.034312
43,1,210.988176,204.800904,1.030479
 ,2,213.481913,205.344453,1.039905
 ,3,219.049618,206.669211,1.060125
 ,4,216.608333,206.133333,1.051083
 ,5,216.153846,206.815385,1.045443
 ,6,219.459459,206.842342,1.061266
 ,7,218.581197,206.880342,1.056845
 ,8,218.403226,206.322581,1.058852
 ,9,218.307692,207.384615,1.052918
 ,10,213.093333,204.946667,1.040036
 ,11,211.744395,205.549327,1.030404
44,1,210.847331,204.569466,1.030964
 ,2,213.473473,205.115354,1.041027
 ,3,219.012723,206.650127,1.060058
 ,4,216.375,205.958333,1.05083
 ,5,216.087179,206.041026,1.049046
 ,6,219.761261,206.716216,1.063408
 ,7,218.162393,206.974359,1.054352
 ,8,217.564516,206.66129,1.05304
 ,9,217.923077,205.923077,1.058617
 ,10,212.333333,205.946667,1.03144
 ,11,212.20852,205.03139,1.035242
45,1,210.888019,204.697618,1.030514
 ,2,213.575161,205.200965,1.041081
 ,3,218.763359,206.908397,1.057561
 ,4,216.425,206,1.050882
 ,5,216.789744,206.261538,1.051357
 ,6,219.682432,207.058559,1.06127
 ,7,218.675214,206.897436,1.057216
 ,8,218.185484,206.653226,1.056129
 ,9,218.846154,207.192308,1.056554
 ,10,212.586667,205.506667,1.034697
 ,11,211.704036,205.392377,1.030989
46,1,210.912189,204.715528,1.030541
 ,2,213.339228,204.924035,1.041333
 ,3,218.918575,206.617048,1.059831
 ,4,215.333333,205.816667,1.046532
 ,5,216.020513,207.082051,1.043464
 ,6,220.137387,206.88964,1.06428
 ,7,219.102564,206.623932,1.060676
 ,8,218.274194,206.774194,1.05589
 ,9,219.423077,205.384615,1.068916
 ,10,212.48,205.506667,1.034118
 ,11,211.692825,204.977578,1.033044
47,1,210.96731,204.759346,1.030579
 ,2,213.262058,205.10008,1.04007
 ,3,219.291349,206.466921,1.06237
 ,4,216.175,205.933333,1.05003
 ,5,216,206.933333,1.044123
 ,6,220.058559,206.957207,1.063625
 ,7,219.076923,207.529915,1.055893
 ,8,218.290323,206.645161,1.056707
 ,9,220.423077,205.769231,1.071361
 ,10,212.68,204.853333,1.038529
 ,11,211.991031,205.170404,1.033521
48,1,210.965223,204.853765,1.030102
 ,2,213.194534,205.174035,1.039377
 ,3,218.513995,206.954198,1.056108
 ,4,215.766667,206.225,1.046456
 ,5,215.564103,207.34359,1.039965
 ,6,219.486486,206.795045,1.061628
 ,7,218.213675,206.683761,1.056068
 ,8,218.427419,207.016129,1.055465
 ,9,218.461538,207.192308,1.054705
 ,10,213.066667,204.946667,1.039898
 ,11,211.973094,205.076233,1.033939
49,1,210.947661,204.738306,1.030589
 ,2,213.461415,205.155547,1.040754
 ,3,218.965649,206.540712,1.060427
 ,4,216.308333,205.341667,1.053725
 ,5,215.297436,207.097436,1.039899
 ,6,219.828829,207.353604,1.06044
 ,7,218.324786,207.350427,1.053213
 ,8,218.306452,206.25,1.058703
 ,9,219.807692,206.961538,1.062343
 ,10,213.04,205.186667,1.038602
 ,11,211.549327,205.152466,1.031446
50,1,210.844201,204.532603,1.031124
 ,2,213.261254,205.08119,1.040181
 ,3,218.592875,206.792621,1.057336
 ,4,215.358333,206.008333,1.045699
 ,5,215.574359,206.435897,1.044565
 ,6,219.259009,206.781532,1.060638
 ,7,218.564103,206.948718,1.056381
 ,8,217.814516,206.548387,1.054805
 ,9,218.730769,207.423077,1.054633
 ,10,212.746667,205.693333,1.034575
 ,11,211.973094,205.2287,1.033109
51,1,210.834464,204.60859,1.030692
 ,2,213.335209,205.203376,1.03991
 ,3,218.534351,206.590331,1.058092
 ,4,215.633333,206.308333,1.045461
 ,5,215.14359,206.897436,1.040244
 ,6,219.398649,206.664414,1.061892
 ,7,218.264957,206.529915,1.057131
 ,8,217.91129,207.258065,1.051676
 ,9,218.230769,205.961538,1.059908
 ,10,212.8,205.88,1.033795
 ,11,211.751121,204.807175,1.034206
52,1,211.03582,204.619544,1.031614
 ,2,213.49799,205.245579,1.040471
 ,3,218.656489,206.466921,1.059265
 ,4,216.991667,205.225,1.057745
 ,5,216.820513,206.733333,1.04912
 ,6,219.204955,206.855856,1.059991
 ,7,217.888889,206.547009,1.055215
 ,8,218.008065,206.258065,1.057304
 ,9,218.730769,209,1.046808
 ,10,211.986667,205.186667,1.033399
 ,11,211.502242,204.934978,1.032296
53,1,211.019301,204.670318,1.031283
 ,2,213.233119,205.174035,1.039529
 ,3,218.746819,206.740458,1.058376
 ,4,215.991667,206.258333,1.047509
 ,5,215.466667,206.794872,1.042234
 ,6,219.085586,206.905405,1.059102
 ,7,219.418803,207.435897,1.058054
 ,8,218.16129,206.040323,1.059131
 ,9,219.192308,208.269231,1.052705
 ,10,211.693333,206.08,1.027481
 ,11,211.746637,204.818386,1.034095
54,1,210.844375,204.558859,1.030984
 ,2,213.302653,205.292605,1.039293
 ,3,218.804071,206.628499,1.059164
 ,4,216.15,206.133333,1.048963
 ,5,215.717949,206.6,1.044445
 ,6,219.387387,207.362613,1.058274
 ,7,218.316239,207.153846,1.054199
 ,8,218.080645,207.346774,1.05205
 ,9,218.5,207.076923,1.055414
 ,10,212.52,205.32,1.035381
 ,11,212.033632,205.004484,1.034546
55,1,210.76491,204.565467,1.03058
 ,2,213.239148,205.197749,1.039445
 ,3,218.407125,206.48855,1.057985
 ,4,215.808333,206.283333,1.046435
 ,5,215.8,206.810256,1.043779
 ,6,219.189189,207.13964,1.058436
 ,7,217.367521,207.025641,1.050164
 ,8,217.459677,206.903226,1.051207
 ,9,218.269231,207.192308,1.053666
 ,10,212.4,205.426667,1.034266
 ,11,211.995516,204.943946,1.034692
56,1,210.724917,204.783516,1.029271
 ,2,213.251608,205.12701,1.039886
 ,3,218.619593,206.862595,1.057105
 ,4,215.775,205.608333,1.049683
 ,5,215.666667,206.748718,1.043479
 ,6,218.837838,206.867117,1.058176
 ,7,218.487179,206.25641,1.059618
 ,8,217.008065,206.112903,1.053184
 ,9,218,206.076923,1.058306
 ,10,212.266667,204.8,1.036707
 ,11,211.926009,204.876682,1.034683
57,1,210.745609,204.788211,1.029366
 ,2,213.244775,205.167605,1.039655
 ,3,218.891858,206.653944,1.059455
 ,4,215.65,206.358333,1.045352
 ,5,216.476923,206.328205,1.049525
 ,6,219.576577,206.948198,1.061302
 ,7,218.384615,207.196581,1.054338
 ,8,218.177419,206.846774,1.055178
 ,9,219.192308,206.461538,1.061788
 ,10,212.626667,205.493333,1.03494
 ,11,211.993274,205.244395,1.033136
58,1,210.70892,204.653104,1.02986
 ,2,213.209003,205.110932,1.039739
 ,3,218.94402,206.782443,1.059109
 ,4,216.183333,205.866667,1.050386
 ,5,215.661538,206.712821,1.043588
 ,6,219.560811,207.004505,1.060917
 ,7,217.615385,207.17094,1.050688
 ,8,217.362903,206.725806,1.05173
 ,9,218.538462,206.769231,1.057167
 ,10,213.2,205.293333,1.038786
 ,11,211.686099,205.09417,1.032419
59,1,210.754825,204.682142,1.029947
 ,2,212.942926,205.010048,1.038974
 ,3,218.708651,206.772265,1.05798
 ,4,215.308333,206.391667,1.043491
 ,5,215.866667,206.892308,1.043643
 ,6,218.653153,206.486486,1.059198
 ,7,217.880342,207.119658,1.05225
 ,8,218.217742,206.25,1.058376
 ,9,217.884615,206.192308,1.057105
 ,10,213.04,205.04,1.039267
 ,11,211.459641,205.20852,1.030714
60,1,210.796035,204.640063,1.030341
 ,2,213.212219,204.983521,1.040418
 ,3,218.734097,206.725191,1.058333
 ,4,215.608333,206.2,1.045899
 ,5,215.666667,206.651282,1.043944
 ,6,218.984234,206.70045,1.059745
 ,7,218.880342,207.470085,1.055357
 ,8,217.354839,206.814516,1.051315
 ,9,218.384615,208.230769,1.049132
 ,10,212.04,205.093333,1.034109
 ,11,211.607623,205.174888,1.031643
61,1,210.649452,204.75326,1.029061
 ,2,213.053055,205.116961,1.038973
 ,3,218.83715,206.620865,1.059336
 ,4,215.225,206.266667,1.043694
 ,5,216.133333,206.794872,1.045423
 ,6,218.943694,206.52027,1.060429
 ,7,218.401709,207.094017,1.054842
 ,8,217.435484,207.137097,1.050012
 ,9,217.307692,208.269231,1.043803
 ,10,212.293333,205.346667,1.034141
 ,11,211.524664,205.183857,1.031159
62,1,210.86072,204.749087,1.030115
 ,2,212.958199,205.078778,1.0387
 ,3,218.575064,207.138677,1.055451
 ,4,214.391667,206.116667,1.040553
 ,5,215.384615,207.071795,1.040375
 ,6,218.277027,206.79955,1.055789
 ,7,217.803419,207.094017,1.052029
 ,8,218.370968,206.540323,1.057538
 ,9,218.384615,207.192308,1.054325
 ,10,212.48,205.346667,1.035067
 ,11,211.869955,204.959641,1.033996
63,1,210.791515,204.69414,1.030052
 ,2,213.126206,205.28336,1.038484
 ,3,218.723919,207.20229,1.055819
 ,4,215.441667,206.883333,1.041598
 ,5,215.558974,207.123077,1.041047
 ,6,218.277027,206.966216,1.054916
 ,7,216.888889,207.358974,1.046241
 ,8,217.185484,206.629032,1.051364
 ,9,218.153846,207.846154,1.049984
 ,10,211.96,205.786667,1.03033
 ,11,211.836323,204.757848,1.034859
64,1,210.62963,204.843505,1.028518
 ,2,213.072749,205.198553,1.038659
 ,3,218.566158,206.861323,1.056814
 ,4,215.575,206.016667,1.046701
 ,5,215.107692,206.512821,1.041942
 ,6,218.578829,207.11036,1.055695
 ,7,216.717949,207.051282,1.046946
 ,8,217.016129,206.612903,1.050637
 ,9,218.961538,208.730769,1.04918
 ,10,212.106667,205.093333,1.034473
 ,11,211.860987,205.098655,1.033259
65,1,210.712398,204.674318,1.029767
 ,2,213.235129,204.940113,1.040757
 ,3,218.656489,206.993639,1.056585
 ,4,216.016667,206.116667,1.048255
 ,5,215.158974,206.65641,1.041436
 ,6,218.596847,207.076577,1.055906
 ,7,218.008547,206.794872,1.054417
 ,8,217.516129,206.782258,1.05212
 ,9,218.307692,206.653846,1.056797
 ,10,211.56,205.84,1.028095
 ,11,211.076233,205.390135,1.027947
66,1,210.559729,204.547035,1.02965
 ,2,212.974277,204.829984,1.040015
 ,3,218.455471,206.427481,1.058534
 ,4,214.641667,205.833333,1.043078
 ,5,215.538462,207.015385,1.041448
 ,6,218.407658,206.468468,1.058109
 ,7,217.444444,206.692308,1.05238
 ,8,217.120968,206.596774,1.051244
 ,9,218.192308,208.346154,1.047489
 ,10,212.28,205.48,1.033336
 ,11,211.943946,204.695067,1.035712
67,1,210.743001,204.647713,1.030043
 ,2,213.173633,205.043006,1.039914
 ,3,218.57888,206.777354,1.05736
 ,4,215.466667,206.158333,1.045498
 ,5,215.74359,206.405128,1.04557
 ,6,218.952703,206.617117,1.059931
 ,7,217.991453,206.794872,1.054442
 ,8,217.693548,206.483871,1.054616
 ,9,217.423077,206.615385,1.052515
 ,10,211.813333,205.333333,1.031859
 ,11,211.426009,205.161435,1.030787
68,1,210.642497,204.614154,1.029726
 ,2,212.869775,205.224678,1.037517
 ,3,218.521628,206.575064,1.058084
 ,4,214.541667,205.725,1.043192
 ,5,215.851282,207.174359,1.042175
 ,6,218.686937,206.824324,1.057632
 ,7,217.495726,207.034188,1.050892
 ,8,217.33871,206.314516,1.053703
 ,9,215.846154,208.423077,1.035889
 ,10,211.333333,205.573333,1.02824
 ,11,211.618834,205.008969,1.03251
69,1,210.561294,204.710833,1.028836
 ,2,213.090434,204.989952,1.039799
 ,3,218.505089,206.643766,1.057621
 ,4,215.25,205.95,1.045413
 ,5,216.082051,206.584615,1.046259
 ,6,218.75,206.882883,1.057653
 ,7,216.623932,206.91453,1.047255
 ,8,216.717742,207.104839,1.04666
 ,9,216.538462,207.884615,1.041918
 ,10,211.426667,205.8,1.027518
 ,11,211.401345,204.863229,1.032168
70,1,210.640584,204.64128,1.029588
 ,2,213.167605,205.133842,1.039436
 ,3,218.452926,206.660305,1.057318
 ,4,215.125,205.533333,1.046946
 ,5,215.74359,206.235897,1.046424
 ,6,218.738739,207.121622,1.056402
 ,7,216.974359,207.222222,1.047353
 ,8,217.120968,206.830645,1.050075
 ,9,216.961538,207.846154,1.044112
 ,10,212.026667,206.4,1.027452
 ,11,211.656951,205.09417,1.032257
71,1,210.508607,204.776908,1.028257
 ,2,213.12299,205.087219,1.039453
 ,3,218.589059,206.55598,1.058522
 ,4,215.916667,206.45,1.046185
 ,5,215.610256,206.702564,1.043363
 ,6,218.105856,206.918919,1.054313
 ,7,217.675214,206.820513,1.052754
 ,8,216.887097,206.798387,1.049021
 ,9,216.192308,207.961538,1.039992
 ,10,211.706667,205.8,1.028984
 ,11,211.423767,204.715247,1.033098
72,1,210.546514,204.562685,1.029509
 ,2,213.062299,205.052251,1.039332
 ,3,218.007634,206.581425,1.055596
 ,4,214.891667,206.108333,1.042901
 ,5,216.353846,206.887179,1.046014
 ,6,218.646396,206.968468,1.056693
 ,7,218.102564,207.111111,1.053366
 ,8,216.806452,206.58871,1.049746
 ,9,215.807692,206.961538,1.043165
 ,10,211.946667,205.386667,1.032176
 ,11,211.896861,205.096413,1.033425
73,1,210.662841,204.580421,1.029995
 ,2,212.955386,205.164791,1.038231
 ,3,218.409669,206.533079,1.057784
 ,4,215.166667,205.866667,1.045455
 ,5,215.451282,207.061538,1.0408
 ,6,219.171171,206.995495,1.059062
 ,7,217.316239,207.948718,1.045354
 ,8,216.508065,206.258065,1.049953
 ,9,217.461538,208.461538,1.043566
 ,10,211.68,205.72,1.02924
 ,11,211.56278,204.852018,1.033015
74,1,210.529125,204.941228,1.027522
 ,2,213.003617,205.286576,1.037868
 ,3,218.251908,206.569975,1.056827
 ,4,214.558333,205.491667,1.044368
 ,5,215.733333,207.205128,1.041459
 ,6,218.234234,206.912162,1.054986
 ,7,217.769231,206.17094,1.0566
 ,8,216.669355,206.443548,1.0498
 ,9,215.576923,207,1.041672
 ,10,211.666667,205.48,1.030299
 ,11,211.336323,205.170404,1.030332
75,1,210.555382,204.663015,1.029052
 ,2,212.869775,205.074759,1.038283
 ,3,218.437659,206.582697,1.05762
 ,4,214.833333,206.183333,1.042147
 ,5,215.517949,206.85641,1.042188
 ,6,217.768018,206.425676,1.055259
 ,7,216.42735,206.452991,1.048611
 ,8,217.66129,207.104839,1.051312
 ,9,217.461538,207.730769,1.047188
 ,10,212.026667,205.093333,1.03415
 ,11,211.466368,205.11435,1.031201
76,1,210.612589,204.597635,1.029659
 ,2,212.909968,205.181672,1.037941
 ,3,218.001272,206.604326,1.055421
 ,4,215.6,206.166667,1.046001
 ,5,215.815385,206.512821,1.045343
 ,6,217.587838,206.824324,1.052303
 ,7,217.213675,206.470085,1.052214
 ,8,217.25,205.790323,1.055941
 ,9,215.692308,207.192308,1.041204
 ,10,211.8,205.853333,1.029166
 ,11,211.457399,204.735426,1.033114
77,1,210.742653,204.759868,1.029477
 ,2,213.040193,205.032154,1.039316
 ,3,218.075064,206.581425,1.055852
 ,4,215.108333,205.466667,1.047205
 ,5,215.266667,206.784615,1.041361
 ,6,217.824324,207.123874,1.05198
 ,7,217.119658,207.111111,1.048583
 ,8,217.314516,206.395161,1.053161
 ,9,217.846154,206.884615,1.053296
 ,10,211.466667,205.946667,1.0271
 ,11,211.547085,205.141256,1.031501
78,1,210.567032,204.588941,1.029494
 ,2,213.101688,205.298232,1.038271
 ,3,218.26972,206.589059,1.056834
 ,4,214.691667,206.8,1.038426
 ,5,215.712821,205.8,1.048489
 ,6,217.970721,206.846847,1.054069
 ,7,217.008547,206.666667,1.050379
 ,8,217.75,205.120968,1.061772
 ,9,216.5,206.961538,1.04636
 ,10,212.746667,205.453333,1.03579
 ,11,211.535874,205.244395,1.030911
79,1,210.578334,204.689619,1.029036
 ,2,212.915193,205.140675,1.038169
 ,3,217.716285,206.729008,1.053387
 ,4,214.958333,205.883333,1.044349
 ,5,215.282051,207.020513,1.040196
 ,6,217.878378,206.686937,1.054443
 ,7,217.726496,206.205128,1.056243
 ,8,216.854839,206.330645,1.051229
 ,9,217.307692,206.730769,1.051673
 ,10,211.293333,205.52,1.028308
 ,11,211.596413,204.921525,1.032813
80,1,210.522518,204.715006,1.028637
 ,2,212.852894,205.297428,1.037067
 ,3,217.833333,206.589059,1.054675
 ,4,214.691667,206.075,1.04205
 ,5,215.482051,206.758974,1.042389
 ,6,218.452703,206.954955,1.055759
 ,7,217.401709,207.188034,1.049593
 ,8,216.032258,206.629032,1.045778
 ,9,216.576923,208.076923,1.04115
 ,10,211.986667,205.28,1.032969
 ,11,211.432735,205.325112,1.03003
81,1,210.544775,204.644236,1.02911
 ,2,212.930868,205.064309,1.038639
 ,3,217.755725,206.486005,1.054863
 ,4,215.016667,205.825,1.045001
 ,5,215.779487,206.220513,1.046634
 ,6,217.813063,206.903153,1.052977
 ,7,216.615385,206.529915,1.049179
 ,8,217.596774,206.41129,1.054474
 ,9,218.846154,206.269231,1.061206
 ,10,211.586667,205.093333,1.031933
 ,11,211.347534,205.091928,1.030772
82,1,210.723352,204.5759,1.030319
 ,2,213.001206,205.07717,1.038901
 ,3,217.895674,206.475827,1.055594
 ,4,214.675,206.033333,1.042162
 ,5,216.010256,207.307692,1.042314
 ,6,217.713964,206.736486,1.053387
 ,7,217.641026,206.521368,1.054197
 ,8,217.822581,206.362903,1.055821
 ,9,217.076923,206.230769,1.05276
 ,10,212.626667,205.373333,1.035665
 ,11,211.643498,204.959641,1.03285
83,1,210.719701,204.681968,1.029761
 ,2,213.158762,205.212219,1.039005
 ,3,218.081425,206.829517,1.054671
 ,4,215.083333,206.208333,1.043306
 ,5,215.625641,206.4,1.044946
 ,6,217.601351,206.40991,1.054517
 ,7,216.717949,206.940171,1.047574
 ,8,217.185484,205.709677,1.056066
 ,9,218.038462,207.846154,1.049368
 ,10,212.066667,205.16,1.033829
 ,11,211.11435,205.020179,1.029971
84,1,210.557294,204.555208,1.029614
 ,2,212.983521,205.042605,1.038998
 ,3,217.816794,206.636132,1.054352
 ,4,214.466667,206.675,1.037945
 ,5,216.025641,206.984615,1.043954
 ,6,217.752252,206.808559,1.05321
 ,7,216.179487,206.555556,1.046875
 ,8,215.895161,206.177419,1.047391
 ,9,216.653846,207.230769,1.045957
 ,10,211.6,205.186667,1.031463
 ,11,211.358744,205.127803,1.03064
85,1,210.633455,204.654669,1.029482
 ,2,212.957797,204.925643,1.039454
 ,3,218.030534,206.709924,1.055006
 ,4,214.958333,205.666667,1.045519
 ,5,215.133333,206.866667,1.040266
 ,6,217.533784,206.578829,1.053323
 ,7,216.726496,206.649573,1.049051
 ,8,217,206.145161,1.053
 ,9,216.961538,207.346154,1.046628
 ,10,212.96,205.44,1.036999
 ,11,211.59417,205.213004,1.03138
86,1,210.537993,204.776387,1.028392
 ,2,212.941318,205.167605,1.038154
 ,3,218.054707,206.78117,1.054753
 ,4,215.083333,207.216667,1.03823
 ,5,215.215385,206.54359,1.042248
 ,6,217.626126,206.398649,1.054697
 ,7,216.974359,206.42735,1.051442
 ,8,216.798387,206.620968,1.049571
 ,9,219.961538,207.384615,1.060897
 ,10,212.266667,204.773333,1.036834
 ,11,211.695067,205.161435,1.032157
87,1,210.7237,204.765432,1.029362
 ,2,213.073553,204.939711,1.039957
 ,3,217.688295,206.642494,1.053708
 ,4,214.875,206.466667,1.040987
 ,5,215.835897,206.323077,1.046333
 ,6,217.144144,206.216216,1.053288
 ,7,218.213675,206.504274,1.057006
 ,8,216.943548,206.435484,1.0512
 ,9,216.423077,209.153846,1.034991
 ,10,211.626667,205.146667,1.031891
 ,11,211.88565,204.979821,1.033992
88,1,210.757781,204.741262,1.029653
 ,2,212.991961,205.17283,1.038357
 ,3,217.734097,206.716285,1.053541
 ,4,214.491667,205.675,1.043137
 ,5,215.753846,206.65641,1.044312
 ,6,217.540541,206.671171,1.05284
 ,7,216.74359,206.606838,1.049371
 ,8,216.774194,206.354839,1.050693
 ,9,218.423077,207.423077,1.053225
 ,10,210.92,205.973333,1.024292
 ,11,211.535874,205.394619,1.030162
89,1,210.659016,204.755521,1.029084
 ,2,213.055064,204.988344,1.039632
 ,3,217.694656,206.553435,1.054183
 ,4,215.25,204.875,1.050907
 ,5,214.651282,206.374359,1.040354
 ,6,217.923423,206.445946,1.05588
 ,7,216.675214,206.675214,1.048673
 ,8,216.91129,206.5,1.050667
 ,9,216.307692,207.230769,1.044106
 ,10,212.813333,205.08,1.037968
 ,11,211.652466,205.470852,1.030365
90,1,210.829073,204.690489,1.030249
 ,2,212.997588,204.911174,1.039733
 ,3,217.79771,206.553435,1.054676
 ,4,214.725,206.216667,1.04153
 ,5,214.994872,206.205128,1.042937
 ,6,217.558559,206.619369,1.053224
 ,7,217.299145,207.350427,1.048183
 ,8,216.903226,206.435484,1.050998
 ,9,217.230769,207.538462,1.04691
 ,10,211.52,205.6,1.029006
 ,11,211.473094,205.414798,1.029777
91,1,210.494175,204.559207,1.029275
 ,2,212.806672,205.044614,1.038137
 ,3,218.164122,206.653944,1.055964
 ,4,214.983333,206.108333,1.043252
 ,5,214.907692,206.558974,1.040681
 ,6,217.644144,206.623874,1.053601
 ,7,216.91453,206.726496,1.049533
 ,8,216.483871,206.322581,1.049509
 ,9,216.923077,207.038462,1.048123
 ,10,211.493333,204.16,1.036207
 ,11,211.553812,205.374439,1.030333
92,1,210.58529,204.692054,1.029047
 ,2,213.191318,205.215032,1.039126
 ,3,217.681934,206.631043,1.053736
 ,4,214.241667,206.133333,1.039596
 ,5,214.825641,206.830769,1.03892
 ,6,217.475225,206.997748,1.050886
 ,7,217.470085,206.982906,1.050972
 ,8,217.387097,206.443548,1.05329
 ,9,216.923077,206.769231,1.049414
 ,10,211.786667,204.813333,1.034362
 ,11,211.784753,204.818386,1.03433
93,1,210.509998,204.75952,1.028359
 ,2,212.803055,205.138666,1.037635
 ,3,217.37659,206.414758,1.053379
 ,4,215.225,206.2,1.044095
 ,5,215.271795,206.005128,1.045226
 ,6,217.36036,206.759009,1.051602
 ,7,217.153846,207.726496,1.045858
 ,8,216,206.112903,1.048258
 ,9,216.538462,205.384615,1.054448
 ,10,211.04,205.186667,1.028889
 ,11,211.529148,205.136771,1.031452
94,1,210.646148,204.704399,1.029289
 ,2,212.977894,205.063505,1.038871
 ,3,217.704835,206.430025,1.054874
 ,4,215.641667,206.291667,1.045679
 ,5,215.748718,206.789744,1.043559
 ,6,217.844595,206.445946,1.055481
 ,7,216.666667,207.299145,1.045468
 ,8,216.532258,206.153226,1.05066
 ,9,216.576923,206.538462,1.048702
 ,10,212.24,205.253333,1.034298
 ,11,211.190583,204.919283,1.030888
95,1,210.340463,204.7004,1.027818
 ,2,212.79582,205.037781,1.038087
 ,3,217.390585,206.521628,1.052912
 ,4,214.516667,206.666667,1.038243
 ,5,215.487179,206.692308,1.04281
 ,6,217.364865,206.461712,1.053062
 ,7,216.794872,206.965812,1.047737
 ,8,216.540323,205.629032,1.053387
 ,9,217.769231,206.846154,1.053077
 ,10,212.12,205.16,1.034225
 ,11,211.495516,204.988789,1.032004
96,1,210.67084,204.549817,1.030199
 ,2,213.104502,205.129823,1.039144
 ,3,217.647583,206.534351,1.054071
 ,4,215.15,205.958333,1.04494
 ,5,215.107692,206.405128,1.042473
 ,6,217.166667,206.439189,1.052239
 ,7,217.094017,207.324786,1.047452
 ,8,215.709677,206.096774,1.04687
 ,9,218.307692,208.615385,1.046615
 ,10,212.12,205.133333,1.034347
 ,11,211.553812,205.192825,1.031261
97,1,210.599722,204.609285,1.02955
 ,2,213.015273,204.892283,1.039909
 ,3,217.538168,206.60687,1.053172
 ,4,215.383333,205.741667,1.047188
 ,5,214.979487,206.810256,1.039767
 ,6,216.765766,206.38964,1.050547
 ,7,216.230769,207.444444,1.042641
 ,8,216.612903,206.419355,1.049718
 ,9,216.769231,207.615385,1.044465
 ,10,211.733333,204.546667,1.035465
 ,11,211.307175,204.928251,1.031319
98,1,210.437315,204.56025,1.028998
 ,2,212.775723,204.952572,1.038447
 ,3,217.530534,206.442748,1.053954
 ,4,214.766667,205.775,1.044019
 ,5,214.276923,206.789744,1.036427
 ,6,217.141892,206.283784,1.052889
 ,7,215.384615,206.290598,1.044411
 ,8,216.129032,206.524194,1.046762
 ,9,218.307692,208.384615,1.047955
 ,10,211.493333,205.36,1.030213
 ,11,211.38565,205.334081,1.02971
99,1,210.452617,204.772387,1.028005
 ,2,212.627412,204.950965,1.037744
 ,3,217.035623,206.554707,1.051017
 ,4,214.875,205.841667,1.044125
 ,5,213.979487,206.769231,1.035166
 ,6,216.849099,206.452703,1.05063
 ,7,216.435897,206.589744,1.04798
 ,8,216.677419,206,1.051988
 ,9,218.5,207.576923,1.053136
 ,10,211.533333,205.826667,1.028025
 ,11,211.136771,204.892377,1.030765
100,1,210.57503,204.625456,1.029338
 ,2,212.57918,205.123794,1.036625
 ,3,217.480916,206.815522,1.051811
 ,4,214.208333,206.191667,1.039201
 ,5,213.887179,206.502564,1.036015
 ,6,216.551802,206.527027,1.048804
 ,7,215.940171,206.606838,1.045448
 ,8,216.274194,206.669355,1.046733
 ,9,217.769231,206.923077,1.052572
 ,10,211.44,205.573333,1.028777
 ,11,210.970852,204.733184,1.030766
101,1,210.297861,204.473135,1.02876
 ,2,212.673232,205.288987,1.036254
 ,3,217.142494,206.363868,1.052497
 ,4,214.058333,205.966667,1.039533
 ,5,213.789744,206.548718,1.035327
 ,6,216.25,206.650901,1.046741
 ,7,216.213675,206.264957,1.048466
 ,8,216.612903,206.040323,1.051609
 ,9,216.807692,207.884615,1.043218
 ,10,211.653333,205.986667,1.027684
 ,11,210.755605,204.715247,1.029795
102,1,210.24361,204.652582,1.027581
 ,2,212.594453,205.090836,1.036851
 ,3,217.217557,206.701018,1.051145
 ,4,214.683333,205.891667,1.042904
 ,5,213.748718,206.466667,1.03559
 ,6,215.79955,206.268018,1.046514
 ,7,215.307692,206.726496,1.041768
 ,8,215.854839,205.709677,1.049614
 ,9,216.730769,206.807692,1.048181
 ,10,211,205.08,1.029182
 ,11,211.349776,205.464126,1.028919
103,1,210.31212,204.588072,1.028239
 ,2,212.40635,205.254421,1.035113
 ,3,217.24173,206.590331,1.051841
 ,4,214.725,206.141667,1.041875
 ,5,212.958974,206.779487,1.030131
 ,6,215.463964,206.461712,1.043898
 ,7,215.837607,205.905983,1.048479
 ,8,216.943548,205.951613,1.053624
 ,9,219.461538,206.615385,1.062314
 ,10,211.866667,204.413333,1.036721
 ,11,210.973094,205.139013,1.028723
104,1,210.382542,204.784559,1.027604
 ,2,212.546222,205.006029,1.037049
 ,3,216.849873,206.39313,1.050912
 ,4,214.891667,205.691667,1.045043
 ,5,213.287179,207.148718,1.029873
 ,6,215.779279,206.414414,1.045638
 ,7,215.017094,207.059829,1.038677
 ,8,215.927419,205.967742,1.048661
 ,9,215.961538,206.692308,1.04492
 ,10,211.6,204.533333,1.034802
 ,11,210.957399,204.804933,1.03031
105,1,210.185881,204.531734,1.027907
 ,2,212.337219,205.180868,1.035144
 ,3,217.273537,206.3257,1.053336
 ,4,213.908333,206.4,1.036667
 ,5,213.102564,206.897436,1.030282
 ,6,215.31982,206.443694,1.043264
 ,7,215.769231,207.179487,1.041715
 ,8,216.508065,206.620968,1.048142
 ,9,217.807692,206.192308,1.056702
 ,10,211.186667,205.106667,1.029942
 ,11,210.784753,204.825112,1.029347
106,1,210.232829,204.652408,1.027533
 ,2,212.38746,205.042605,1.036096
 ,3,217.128499,206.416031,1.052163
 ,4,214.266667,205.508333,1.042765
 ,5,213.066667,206.358974,1.032801
 ,6,215.279279,206.601351,1.042285
 ,7,214.897436,206.871795,1.039157
 ,8,215.814516,206.169355,1.047021
 ,9,219,207.653846,1.054899
 ,10,210.653333,205.133333,1.02713
 ,11,210.668161,204.827354,1.028764
107,1,210.226743,204.687011,1.02733
 ,2,212.443328,204.674035,1.038228
 ,3,217.225191,206.763359,1.050847
 ,4,214.141667,206.7,1.036337
 ,5,213.010256,206.517949,1.031797
 ,6,214.939189,206.484234,1.041229
 ,7,215.179487,206.264957,1.043429
 ,8,215.685484,206.072581,1.047001
 ,9,216.153846,208.269231,1.038047
 ,10,211.146667,204.28,1.033923
 ,11,211.134529,205.09417,1.029704
108,1,210.252304,204.706138,1.027348
 ,2,212.212219,204.983119,1.035528
 ,3,216.726463,206.430025,1.050151
 ,4,214.125,205.858333,1.040436
 ,5,213.107692,206.548718,1.03206
 ,6,215.421171,206.472973,1.04361
 ,7,215.162393,207.076923,1.039335
 ,8,215.491935,206.653226,1.043123
 ,9,217.653846,207.538462,1.049023
 ,10,211.24,205,1.030685
 ,11,210.921525,205.038117,1.028957
109,1,210.29021,204.67936,1.027672
 ,2,212.155547,205.127412,1.034555
 ,3,216.94402,206.656489,1.050077
 ,4,213.7,205.9,1.038127
 ,5,212.846154,206.589744,1.030538
 ,6,215.599099,206.576577,1.043934
 ,7,215.017094,206.888889,1.03961
 ,8,215.862903,205.822581,1.049082
 ,9,216.730769,206.307692,1.050834
 ,10,211.626667,205.133333,1.031828
 ,11,210.656951,204.502242,1.030382
110,1,210.11911,204.744392,1.026514
 ,2,212.292203,205.047428,1.035594
 ,3,216.890585,206.412214,1.051025
 ,4,213.866667,205.708333,1.039983
 ,5,212.948718,206.753846,1.030219
 ,6,214.810811,206.585586,1.040089
 ,7,214.82906,206.957265,1.038291
 ,8,216.903226,205.572581,1.055386
 ,9,217.884615,207.076923,1.052549
 ,10,211.32,205,1.030984
 ,11,210.843049,204.887892,1.029306
111,1,210.326378,204.735003,1.027569
 ,2,212.356109,205.092846,1.035681
 ,3,216.885496,206.374046,1.051174
 ,4,213.8,206.225,1.037014
 ,5,213.25641,206.764103,1.031709
 ,6,214.885135,206.851351,1.039088
 ,7,215.059829,206.487179,1.04187
 ,8,216.669355,206.322581,1.050312
 ,9,217.230769,207.692308,1.04634
 ,10,210.893333,205.64,1.025738
 ,11,210.44843,205.013453,1.026768
112,1,210.225004,204.654147,1.027488
 ,2,212.301849,205.192524,1.034912
 ,3,216.641221,206.352417,1.050112
 ,4,213.558333,206.2,1.035949
 ,5,213.312821,206.753846,1.031985
 ,6,214.932432,206.686937,1.040215
 ,7,214.700855,206.452991,1.040274
 ,8,215.193548,206.209677,1.043871
 ,9,217.576923,205.307692,1.060154
 ,10,210.72,205.12,1.027677
 ,11,210.672646,204.973094,1.028072
113,1,210.290906,204.757781,1.027287
 ,2,212.208601,204.99799,1.035451
 ,3,216.998728,206.384224,1.0517
 ,4,213.958333,205.766667,1.040059
 ,5,212.302564,207.328205,1.024248
 ,6,215.380631,206.792793,1.041819
 ,7,214.564103,206.435897,1.039646
 ,8,215.709677,206.604839,1.044392
 ,9,216.461538,207.307692,1.044551
 ,10,211.08,205.64,1.026799
 ,11,211.071749,205.237668,1.028665
114,1,210.364632,204.681794,1.028026
 ,2,212.273312,204.901929,1.036254
 ,3,216.970738,206.400763,1.05147
 ,4,213.958333,205.6,1.040911
 ,5,213.153846,206.676923,1.031686
 ,6,215.123874,206.693694,1.04109
 ,7,214.948718,206.57265,1.040882
 ,8,215.782258,206.5,1.045271
 ,9,216.923077,205.923077,1.053777
 ,10,211.786667,205.533333,1.03064
 ,11,210.56278,204.486547,1.029967
115,1,210.28795,204.708051,1.027523
 ,2,212.442524,205.104904,1.036042
 ,3,216.800254,206.783715,1.048722
 ,4,213.933333,206.383333,1.036846
 ,5,212.348718,206.615385,1.02809
 ,6,215.101351,206.540541,1.041717
 ,7,215.034188,206.623932,1.04094
 ,8,216.064516,205.524194,1.051621
 ,9,217.269231,207.384615,1.048172
 ,10,211.6,205.266667,1.031126
 ,11,210.121076,205.008969,1.025196
116,1,210.160494,204.733959,1.02677
 ,2,212.312701,205.156752,1.035167
 ,3,216.924936,206.698473,1.049714
 ,4,214.058333,205.708333,1.040888
 ,5,212.758974,206.507692,1.030538
 ,6,214.648649,206.382883,1.040347
 ,7,214.111111,206.615385,1.036662
 ,8,215.540323,206.516129,1.043941
 ,9,217.653846,207.884615,1.047272
 ,10,211.146667,204.986667,1.030276
 ,11,210.724215,205.033632,1.028047
117,1,210.382021,204.750478,1.027759
 ,2,212.241961,205.105707,1.035045
 ,3,216.773537,206.596692,1.049506
 ,4,213.983333,205.95,1.039371
 ,5,212.446154,206.471795,1.029207
 ,6,215.378378,206.635135,1.042575
 ,7,214.333333,205.598291,1.042715
 ,8,216.629032,206.080645,1.051556
 ,9,217.153846,206.461538,1.052107
 ,10,211.293333,205.04,1.030719
 ,11,210.764574,205.091928,1.027894
118,1,210.146235,204.665276,1.027045
 ,2,212.050241,205.180868,1.033748
 ,3,216.888041,206.394402,1.051116
 ,4,213.158333,206.216667,1.033947
 ,5,212.758974,206.871795,1.028738
 ,6,215.119369,206.398649,1.042535
 ,7,214.128205,206.769231,1.035902
 ,8,215.233871,206.330645,1.043424
 ,9,217.653846,207.192308,1.050685
 ,10,210.693333,204.986667,1.028054
 ,11,211.047085,204.706278,1.031265
119,1,210.070075,204.635368,1.026822
 ,2,212.268891,204.962621,1.035929
 ,3,216.6743,206.534351,1.049391
 ,4,213.608333,206.375,1.035373
 ,5,213.041026,206.538462,1.031715
 ,6,214.918919,206.65991,1.040223
 ,7,214.384615,206.769231,1.037023
 ,8,215.927419,206.177419,1.047527
 ,9,216.461538,206.615385,1.047819
 ,10,210.92,204.906667,1.029618
 ,11,210.704036,205.318386,1.02646
120,1,210.158581,204.842288,1.026216
 ,2,212.135852,205.118569,1.034479
 ,3,216.550891,206.711196,1.047861
 ,4,213.275,206.15,1.034768
 ,5,213.184615,206.805128,1.031056
 ,6,214.810811,206.684685,1.039582
 ,7,214.333333,206.367521,1.038814
 ,8,215.806452,205.790323,1.048952
 ,9,217.423077,207.615385,1.047617
 ,10,211.533333,205.666667,1.028777
 ,11,210.865471,205.38565,1.026948
121,1,210.149191,204.671709,1.027023
 ,2,212.158762,205.073553,1.034811
 ,3,216.759542,206.37659,1.050564
 ,4,213.091667,206.275,1.033304
 ,5,212.974359,206.835897,1.030018
 ,6,214.470721,206.605856,1.038394
 ,7,214.410256,206.290598,1.039588
 ,8,215.677419,205.975806,1.047364
 ,9,217.730769,207.538462,1.049308
 ,10,211.32,205.04,1.030914
 ,11,210.340807,204.82287,1.027185
122,1,210.275952,204.807338,1.026962
 ,2,212.241961,205.077572,1.035191
 ,3,216.751908,206.57888,1.049501
 ,4,213.866667,206.341667,1.036765
 ,5,213.164103,206.897436,1.030525
 ,6,214.542793,206.380631,1.039824
 ,7,214.068376,206.777778,1.03557
 ,8,215.854839,206.516129,1.045524
 ,9,217.076923,207.807692,1.044846
 ,10,211.426667,204.76,1.032717
 ,11,210.199552,204.892377,1.026206
123,1,210.24674,204.785255,1.026937
 ,2,212.32074,204.936093,1.0363
 ,3,216.391858,206.483461,1.048237
 ,4,213.458333,205.975,1.036624
 ,5,213.133333,206.964103,1.030036
 ,6,214.921171,206.481982,1.041188
 ,7,214.786325,207.307692,1.036303
 ,8,216.056452,206.298387,1.047528
 ,9,217.653846,208.076923,1.046317
 ,10,212.56,205.32,1.035569
 ,11,210.491031,205.017937,1.026979
124,1,210.065902,204.695879,1.026501
 ,2,212.328376,204.976286,1.036139
 ,3,216.449109,206.543257,1.0482
 ,4,213.883333,206.05,1.038376
 ,5,212.85641,206.410256,1.031497
 ,6,214.608108,206.779279,1.038117
 ,7,214.222222,206.940171,1.035405
 ,8,215.379032,206.282258,1.044399
 ,9,216.230769,207.346154,1.043082
 ,10,211.44,205.746667,1.027925
 ,11,210.804933,204.800448,1.029623
125,1,210.100852,204.749435,1.026406
 ,2,212.336013,205.073553,1.035687
 ,3,216.601781,206.585242,1.048741
 ,4,212.9,206.158333,1.032993
 ,5,212.851282,206.569231,1.030649
 ,6,215.096847,206.263514,1.043092
 ,7,214.034188,206.264957,1.037939
 ,8,216.040323,206.524194,1.046333
 ,9,216.807692,206.230769,1.051417
 ,10,210.813333,205.933333,1.023912
 ,11,210.970852,204.908072,1.029872
126,1,210.291601,204.843505,1.026859
 ,2,212.282958,205.065514,1.035464
 ,3,216.582697,206.517812,1.048996
 ,4,213.4,206.383333,1.034261
 ,5,213.071795,206.45641,1.032298
 ,6,214.675676,206.682432,1.038917
 ,7,214.111111,206.512821,1.037052
 ,8,215.443548,206.556452,1.043346
 ,9,214.846154,206.692308,1.039687
 ,10,210.853333,205.133333,1.028159
 ,11,210.778027,205.403587,1.026474
127,1,210.325335,204.743349,1.02752
 ,2,212.163585,204.996785,1.035237
 ,3,216.92112,206.487277,1.050775
 ,4,213.6,205.958333,1.037366
 ,5,213.317949,206.707692,1.032235
 ,6,214.202703,206.331081,1.038441
 ,7,214.34188,207.059829,1.035471
 ,8,215.258065,206.112903,1.044592
 ,9,217.269231,205.384615,1.058016
 ,10,212.2,205.306667,1.033807
 ,11,210.320628,205.058296,1.025928
128,1,210.29734,204.623022,1.028009
 ,2,212.247588,205.154341,1.034841
 ,3,216.842239,206.348601,1.051143
 ,4,213.266667,206.041667,1.03533
 ,5,212.364103,206.482051,1.02868
 ,6,214.322072,206.551802,1.037901
 ,7,214.034188,206.726496,1.035662
 ,8,215.08871,206.120968,1.043844
 ,9,218.115385,207.269231,1.052449
 ,10,211.44,205.96,1.026848
 ,11,210.811659,204.957399,1.028826
129,1,210.114241,204.740915,1.026502
 ,2,212.219051,205.112138,1.03493
 ,3,216.87659,206.306616,1.051469
 ,4,213.458333,205.975,1.036571
 ,5,213.076923,206.948718,1.029913
 ,6,214.400901,206.585586,1.038119
 ,7,214.179487,207.470085,1.032628
 ,8,215.629032,206.362903,1.045125
 ,9,216.230769,207.269231,1.043392
 ,10,211.32,206.506667,1.023494
 ,11,210.847534,204.654709,1.030512
130,1,210.013563,204.760911,1.025907
 ,2,212.094855,205.081994,1.034469
 ,3,216.610687,206.611959,1.048653
 ,4,213.991667,205.741667,1.040412
 ,5,212.461538,206.712821,1.028122
 ,6,214.470721,206.461712,1.039045
 ,7,213.863248,206.521368,1.035854
 ,8,215.427419,206.677419,1.042546
 ,9,215,209.346154,1.027343
 ,10,211.253333,205.426667,1.028588
 ,11,210.585202,204.827354,1.028422
131,1,210.402713,204.72683,1.027982
 ,2,212.207395,205.038585,1.035227
 ,3,216.450382,206.524173,1.048331
 ,4,213.3,205.808333,1.03673
 ,5,212.866667,206.789744,1.029706
 ,6,214.689189,206.13964,1.041752
 ,7,214.632479,207.358974,1.035348
 ,8,215.927419,205.91129,1.048867
 ,9,217.038462,208.115385,1.043078
 ,10,211.72,205.146667,1.032394
 ,11,210.504484,204.986547,1.027199
132,1,210.287254,204.715354,1.027487
 ,2,212.17082,205.024116,1.035137
 ,3,216.550891,206.37659,1.049572
 ,4,213.433333,206.108333,1.035783
 ,5,212.948718,206.610256,1.030927
 ,6,214.637387,206.475225,1.039808
 ,7,213.871795,206.384615,1.036506
 ,8,215.169355,206.991935,1.03979
 ,9,217.153846,206.653846,1.05118
 ,10,211.2,205.586667,1.027602
 ,11,210.607623,205.073991,1.027246
133,1,210.142758,204.49887,1.027867
 ,2,212.116158,204.975482,1.035121
 ,3,216.092875,206.487277,1.046764
 ,4,213.258333,206.083333,1.035062
 ,5,212.794872,206.687179,1.029903
 ,6,214.34009,206.621622,1.037661
 ,7,214.42735,206.57265,1.038327
 ,8,215.830645,205.943548,1.048223
 ,9,217.192308,206.653846,1.051288
 ,10,211.32,205.613333,1.028035
 ,11,210.273543,204.995516,1.025998
134,1,210.175622,204.669797,1.027171
 ,2,211.879823,205.224678,1.032699
 ,3,216.096692,206.409669,1.047222
 ,4,214.258333,206.2,1.039336
 ,5,212.05641,206.533333,1.027011
 ,6,214.254505,206.664414,1.037028
 ,7,213.564103,206.880342,1.032562
 ,8,215.362903,206.66129,1.042403
 ,9,216.423077,207.115385,1.045158
 ,10,211.173333,205.573333,1.027509
 ,11,210.013453,204.869955,1.0254
135,1,210.018084,204.69501,1.026264
 ,2,212.044614,205.107315,1.034091
 ,3,215.922392,206.267176,1.047063
 ,4,213.591667,205.8,1.03811
 ,5,213.082051,207.194872,1.02871
 ,6,214.225225,206.533784,1.03747
 ,7,214.230769,206.931624,1.03553
 ,8,216.104839,205.983871,1.049354
 ,9,216.461538,207.538462,1.043275
 ,10,211.773333,204.72,1.034664
 ,11,210.387892,205.150224,1.02585
136,1,210.049904,204.663015,1.02658
 ,2,212.100884,205.103698,1.034383
 ,3,216.370229,206.670483,1.04721
 ,4,212.975,205.4,1.037107
 ,5,213.107692,206.420513,1.032633
 ,6,214.774775,206.306306,1.041307
 ,7,213.666667,206.854701,1.033224
 ,8,215.048387,206.290323,1.042654
 ,9,216.269231,206.730769,1.046322
 ,10,210.893333,205.346667,1.027344
 ,11,210.215247,204.894619,1.026237
137,1,210.118936,204.783516,1.026316
 ,2,212.201768,205.249196,1.034157
 ,3,216.251908,206.575064,1.047109
 ,4,212.975,206.35,1.032352
 ,5,212.538462,206.420513,1.029905
 ,6,214.103604,206.650901,1.036348
 ,7,214.111111,206.923077,1.034984
 ,8,215.290323,205.354839,1.04867
 ,9,216.230769,209.192308,1.033846
 ,10,211.04,204.96,1.030033
 ,11,210.618834,205.224215,1.026535
138,1,210.257868,204.716049,1.027332
 ,2,212.191318,205.217042,1.034248
 ,3,215.717557,206.625954,1.044279
 ,4,213.658333,206.2,1.036435
 ,5,213.338462,206.861538,1.031559
 ,6,214.536036,206.540541,1.03899
 ,7,214.846154,207.051282,1.037867
 ,8,214.943548,206.669355,1.040309
 ,9,215.653846,207.153846,1.041245
 ,10,211.826667,204.733333,1.03493
 ,11,210.874439,204.887892,1.029489
139,1,210.361676,204.809598,1.027361
 ,2,212.394695,205.103698,1.035814
 ,3,216.576336,206.386768,1.049651
 ,4,212.933333,205.633333,1.035767
 ,5,213.348718,206.538462,1.033263
 ,6,215.006757,206.592342,1.041038
 ,7,214.350427,207.418803,1.033742
 ,8,215.91129,205.733871,1.049789
 ,9,216.615385,207.076923,1.046398
 ,10,211.76,205.493333,1.030709
 ,11,210.609865,204.890135,1.028183
140,1,210.389671,204.679882,1.028166
 ,2,212.319132,205.185289,1.035042
 ,3,216.179389,206.290076,1.048231
 ,4,213.283333,206.133333,1.034966
 ,5,212.558974,207.512821,1.024592
 ,6,214.957207,206.621622,1.04062
 ,7,214.376068,206.794872,1.036915
 ,8,215.370968,205.806452,1.046761
 ,9,216.576923,207.692308,1.043
 ,10,211.64,205.88,1.028162
 ,11,210.475336,205.513453,1.024442
141,1,210.412798,204.583377,1.028756
 ,2,212.249196,205.227894,1.034483
 ,3,216.540712,206.321883,1.049763
 ,4,213.491667,205.708333,1.038148
 ,5,213.184615,206.579487,1.03226
 ,6,214.630631,206.903153,1.03763
 ,7,214.487179,206.837607,1.037199
 ,8,215.080645,206.048387,1.044136
 ,9,216,208.461538,1.036424
 ,10,210.84,205.666667,1.025504
 ,11,210.820628,204.820628,1.029549
142,1,210.318206,204.767345,1.027376
 ,2,212.028939,205.264068,1.033229
 ,3,216.591603,206.287532,1.050207
 ,4,213.741667,205.708333,1.039387
 ,5,212.220513,206.482051,1.028105
 ,6,214.310811,206.790541,1.036601
 ,7,213.760684,206.358974,1.036082
 ,8,214.927419,206.120968,1.043081
 ,9,215.230769,206.538462,1.042443
 ,10,210.64,205.52,1.025097
 ,11,210.504484,204.881166,1.02772
143,1,210.123805,204.781603,1.026358
 ,2,212.128215,205.09365,1.034572
 ,3,215.815522,206.802799,1.04389
 ,4,213.558333,205.966667,1.037089
 ,5,213.051282,206.610256,1.031391
 ,6,214.240991,207.006757,1.035205
 ,7,213.316239,206.367521,1.033966
 ,8,214.927419,205.814516,1.044531
 ,9,215.461538,207.730769,1.037457
 ,10,210.093333,205.733333,1.021399
 ,11,210.735426,204.654709,1.029977
144,1,210.128499,204.608416,1.027246
 ,2,211.99799,205.194534,1.033427
 ,3,214.829517,206.805344,1.039087
 ,4,212.916667,206.133333,1.033162
 ,5,212.635897,206.594872,1.029444
 ,6,213.88964,206.574324,1.035649
 ,7,213.923077,206.615385,1.035622
 ,8,214.580645,206.491935,1.039393
 ,9,213.923077,208,1.028714
 ,10,211.6,205.453333,1.030157
 ,11,210.679372,204.672646,1.029613
145,1,210.033559,204.604243,1.026803
 ,2,211.884244,205.185289,1.032928
 ,3,213.622137,206.765903,1.033411
 ,4,212.933333,205.958333,1.034105
 ,5,212.148718,206.805128,1.026019
 ,6,213.502252,206.668919,1.033331
 ,7,213.017094,206.615385,1.031296
 ,8,214.379032,205.943548,1.041238
 ,9,215.230769,207.538462,1.037294
 ,10,210.946667,205.72,1.025766
 ,11,209.94843,204.717489,1.0258
146,1,209.810989,204.663537,1.025414
 ,2,212.020096,205.025723,1.034384
 ,3,213.492366,206.680662,1.03325
 ,4,212.583333,206.166667,1.031418
 ,5,212.902564,207.25641,1.027478
 ,6,214.027027,206.617117,1.036162
 ,7,213.393162,206.470085,1.033776
 ,8,214.709677,206.516129,1.039966
 ,9,214.884615,208.307692,1.032004
 ,10,210.546667,205.146667,1.0266
 ,11,210.475336,205.073991,1.026607
147,1,210.020344,204.591897,1.026788
 ,2,211.860531,204.935691,1.034042
 ,3,213.276081,206.35369,1.033822
 ,4,213.208333,206.258333,1.033957
 ,5,212.148718,206.435897,1.027965
 ,6,213.903153,206.567568,1.035809
 ,7,213.57265,206.076923,1.036638
 ,8,214.306452,205.935484,1.040819
 ,9,213.615385,207.846154,1.027895
 ,10,210.186667,205.626667,1.022381
 ,11,210.217489,205.123318,1.025098
148,1,209.914276,204.608242,1.026194
 ,2,211.55627,204.868167,1.032912
 ,3,213.187023,206.426209,1.033028
 ,4,212.433333,205.75,1.032762
 ,5,212.507692,206.738462,1.028172
 ,6,213.504505,206.689189,1.03326
 ,7,213.34188,206.435897,1.033779
 ,8,213.774194,206.346774,1.036254
 ,9,213.692308,206.576923,1.034809
 ,10,210.573333,205.48,1.025004
 ,11,210.103139,205.139013,1.024448
149,1,209.832203,204.672579,1.025477
 ,2,211.766881,205.208199,1.032239
 ,3,212.706107,206.519084,1.030257
 ,4,212.558333,206.075,1.031741
 ,5,212.384615,206.620513,1.028074
 ,6,213.682432,206.626126,1.034447
 ,7,213.367521,207.08547,1.03057
 ,8,213.653226,206.145161,1.036636
 ,9,215.076923,208.230769,1.033041
 ,10,209.946667,205.253333,1.023235
 ,11,210.538117,205.2713,1.025888
150,1,209.770475,204.638324,1.025349
 ,2,211.473875,205.098071,1.031356
 ,3,212.774809,206.736641,1.029493
 ,4,212.766667,205.966667,1.033294
 ,5,212.851282,206.830769,1.029364
 ,6,213.355856,206.810811,1.031933
 ,7,213.247863,206.239316,1.0343
 ,8,213.467742,206.387097,1.034519
 ,9,214.615385,207.769231,1.033335
 ,10,210.146667,204.56,1.027552
 ,11,210.816143,205.278027,1.027233
